Title	5' breakpoint	3' breakpoint	Freq	Freq For	Freq Rev	5' Blast	3' Blast	5' Depth	3' Depth	Repetition
flux_50_6_500000	3773	3824	0.9	1.8	0.0	9	0	500.0	1308.0	3774-A-3774 <> 3824-A-3824
flux_50_6_50000	3773	3824	0.961538461538	1.92307692308	0.0	1	0	52.0	118.0	3774-A-3774 <> 3824-A-3824
flux_250_4_100000	3440	3691	2.08333333333	4.16666666667	0.0	1	0	24.0	12.0	none
flux_50_6_100000	3773	3824	1.0101010101	2.0202020202	0.0	2	0	99.0	251.0	3774-A-3774 <> 3824-A-3824
flux_250_4_500000	3440	3691	2.04081632653	4.08163265306	0.0	6	0	147.0	90.0	none
